Workbook

Sheet Model
A1: Expense | B1: Date | C1: Amount | D1: Category | E1: Subcategory
A2: Manjal, Kunkumam, Uppu | B2: 46174 | C2: 20 | D2: {=_xlfn.XLOOKUP(A2, Categories!A:A, Categories!B:B, "Check Category", 0)} -> Check Category | E2: {=_xlfn.XLOOKUP(A2, Categories!A:A, Categories!C:C, "Check subcategory", 0)} -> Check subcategory
D3: {=_xlfn.XLOOKUP(A3, Categories!A:A, Categories!B:B, "Check Category", 0)} -> Check Category | E3: {=_xlfn.XLOOKUP(A3, Categories!A:A, Categories!C:C, "Check subcategory", 0)} -> Check subcategory
D4: {=_xlfn.XLOOKUP(A4, Categories!A:A, Categories!B:B, "Check Category", 0)} -> Check Category | E4: {=_xlfn.XLOOKUP(A4, Categories!A:A, Categories!C:C, "Check subcategory", 0)} -> Check subcategory
D5: {=_xlfn.XLOOKUP(A5, Categories!A:A, Categories!B:B, "Check Category", 0)} -> Check Category | E5: {=_xlfn.XLOOKUP(A5, Categories!A:A, Categories!C:C, "Check subcategory", 0)} -> Check subcategory
D6: {=_xlfn.XLOOKUP(A6, Categories!A:A, Categories!B:B, "Check Category", 0)} -> Check Category | E6: {=_xlfn.XLOOKUP(A6, Categories!A:A, Categories!C:C, "Check subcategory", 0)} -> Check subcategory
D7: {=_xlfn.XLOOKUP(A7, Categories!A:A, Categories!B:B, "Check Category", 0)} -> Check Category | E7: {=_xlfn.XLOOKUP(A7, Categories!A:A, Categories!C:C, "Check subcategory", 0)} -> Check subcategory
D8: {=_xlfn.XLOOKUP(A8, Categories!A:A, Categories!B:B, "Check Category", 0)} -> Check Category | E8: {=_xlfn.XLOOKUP(A8, Categories!A:A, Categories!C:C, "Check subcategory", 0)} -> Check subcategory
D9: {=_xlfn.XLOOKUP(A9, Categories!A:A, Categories!B:B, "Check Category", 0)} -> Check Category | E9: {=_xlfn.XLOOKUP(A9, Categories!A:A, Categories!C:C, "Check subcategory", 0)} -> Check subcategory
D10: {=_xlfn.XLOOKUP(A10, Categories!A:A, Categories!B:B, "Check Category", 0)} -> Check Category | E10: {=_xlfn.XLOOKUP(A10, Categories!A:A, Categories!C:C, "Check subcategory", 0)} -> Check subcategory
D11: {=_xlfn.XLOOKUP(A11, Categories!A:A, Categories!B:B, "Check Category", 0)} -> Check Category | E11: {=_xlfn.XLOOKUP(A11, Categories!A:A, Categories!C:C, "Check subcategory", 0)} -> Check subcategory
D12: {=_xlfn.XLOOKUP(A12, Categories!A:A, Categories!B:B, "Check Category", 0)} -> Check Category | E12: {=_xlfn.XLOOKUP(A12, Categories!A:A, Categories!C:C, "Check subcategory", 0)} -> Check subcategory
D13: {=_xlfn.XLOOKUP(A13, Categories!A:A, Categories!B:B, "Check Category", 0)} -> Check Category | E13: {=_xlfn.XLOOKUP(A13, Categories!A:A, Categories!C:C, "Check subcategory", 0)} -> Check subcategory
D14: {=_xlfn.XLOOKUP(A14, Categories!A:A, Categories!B:B, "Check Category", 0)} -> Check Category | E14: {=_xlfn.XLOOKUP(A14, Categories!A:A, Categories!C:C, "Check subcategory", 0)} -> Check subcategory
... D75: {=_xlfn.XLOOKUP(A75, Categories!A:A, Categories!B:B, "Check Category", 0)} -> Check Category | E75: {=_xlfn.XLOOKUP(A75, Categories!A:A, Categories!C:C, "Check subcategory", 0)} -> Check subcategory

Sheet Categories
A1: Expense | B1: Category | C1: Subcategory
A2: Newspaper | B2: House | C2: Newspaper
A3: Milk | B3: House | C3: Milk
A4: Gas | B4: House | C4: Gas
A5: EB Bill | B5: House | C5: EB
A6: Ration | B6: House | C6: Ration
A7: Water | B7: House | C7: Common
A8: Wifi Recharge | B8: House | C8: Common
A9: Ravi Medicine | B9: Medicine | C9: Ravi
A10: Prabha Medicine | B10: Medicine | C10: Prabha
A11: Karthick Medicine | B11: Medicine | C11: Karthick
A12: Medicine | B12: Medicine | C12: Common
... A40: Ravi Mobile Recharge | B40: Mobile | C40: Ravi

Sheet January
A1: Expense | B1: Date | C1: Amount | D1: Category | E1: Subcategory
A2: Manjal, Kunkumam, Uppu | B2: 46023 | C2: 20
A3: Bus fare | B3: 46023 | C3: 32 | D3: Transport | E3: Bus
A4: Archanai | B4: 46023 | C4: 100 | D4: Temple | E4: Donation
A5: Medicine Prabha | B5: 46023 | C5: 90 | D5: Medicine | E5: Prabha
A6: Vegetable | B6: 46023 | C6: 10 | D6: Grocery | E6: Vegetables
A7: Bus fare | B7: 46025 | C7: 7 | D7: Transport | E7: Bus
A8: Provision | B8: 46025 | C8: 177 | D8: Grocery | E8: Provision
A9: Fruits | B9: 46025 | C9: 10 | D9: Grocery | E9: Fruits
A10: Newspaper | B10: 46025 | C10: 60 | D10: Newspaper
A11: Milk | B11: 46026 | C11: 1755 | D11: Milk
A12: EB Bill | B12: 46027 | C12: 526 | D12: Bills | E12: Electricity
A13: Vegetable | B13: 46143 | C13: 50 | D13: Grocery | E13: Vegetables
A14: Bus fare | B14: 46029 | C14: 11 | D14: Transport | E14: Bus
A15: Auto | B15: 46029 | C15: 50 | D15: Transport | E15: Auto
A16: Provision | B16: 46029 | C16: 147 | D16: Grocery | E16: Provision
A17: Dustbin | B17: 46029 | C17: 350
A18: Diet foods | B18: 46029 | C18: 1660 | D18: Grocery | E18: Provision
A19: Bread | B19: 46029 | C19: 50 | D19: Grocery
A20: Fruits | B20: 46029 | C20: 270
A21: Gas | B21: 46029 | C21: 900 | D21: Bills | E21: Gas
A22: Vegetable | B22: 46029 | C22: 110 | D22: Grocery | E22: Vegetables
A23: Vegetable | B23: 46030 | C23: 100 | D23: Grocery | E23: Vegetables
A24: Flour grinding | B24: 46030 | C24: 95
A25: Vegetable cutter | B25: 46030 | C25: 45
A26: Gas Insurance | B26: 46030 | C26: 235 | D26: Bills | E26: Gas
A27: Provision | B27: 46031 | C27: 485 | D27: Grocery | E27: Provision
A28: Hearing Aid Repair | B28: 46031 | C28: 1560 | D28: Hospital | E28: Doctor
A29: Snacks | B29: 46031 | C29: 150 | D29: Food | E29: Outside
A30: Water pot | B30: 46031 | C30: 250
A31: Pongal pot | B31: 46031 | C31: 250
A32: Pongal Aduppu | B32: 46031 | C32: 250
A33: Courier person | B33: 46031 | C33: 50
A34: Water person expenses | B34: 46031 | C34: 200 | D34: Bills | E34: Water operator
A35: Auto | B35: 46031 | C35: 200 | D35: Transport | E35: Auto
A36: Vegetables | B36: 46032 | C36: 790 | D36: Grocery | E36: Vegetables
A37: Provision | B37: 46032 | C37: 188 | D37: Grocery | E37: Provision
A38: Auto | B38: 46032 | C38: 70 | D38: Transport | E38: Auto
A39: Pongal Gift | B39: 46033 | C39: 3000
A40: Bus fare | B40: 46033 | C40: 22 | D40: Transport | E40: Bus
A41: Bus fare | B41: 46035 | C41: 13 | D41: Transport | E41: Bus
A42: Keerai | B42: 46035 | C42: 40 | D42: Grocery | E42: Vegetables
A43: Provision | B43: 46035 | C43: 60 | D43: Grocery | E43: Provision
A44: Provistion | B44: 46035 | C44: 259 | D44: Grocery | E44: Provision
A45: Poojai items | B45: 46035 | C45: 95
A46: Fruits | B46: 46035 | C46: 170 | D46: Grocery | E46: Fruits
A47: Blood test | B47: 46035 | C47: 100 | D47: Hospital | E47: Tests
A48: Bus fare | B48: 46035 | C48: 20 | D48: Transport | E48: Bus
A49: Juice | B49: 46035 | C49: 40 | D49: Food | E49: Outside
A50: Vegetables | B50: 46036 | C50: 50 | D50: Grocery | E50: Vegetables
A51: Elaneer | B51: 46036 | C51: 50 | D51: Food | E51: Outside
A52: Medicine Ravi | B52: 46037 | C52: 703 | D52: Medicine | E52: Ravi
A53: Tea | B53: 46038 | C53: 40 | D53: Food | E53: Outside
A54: Bus fare Codissia | B54: 46038 | C54: 89 | D54: Transport | E54: Bus
A55: Temple donation | B55: 46038 | C55: 101
A56: Snacks | B56: 46038 | C56: 120
A57: Bus | B57: 46038 | C57: 19 | D57: Transport | E57: Bus
A58: Taxi | B58: 46038 | C58: 100
A59: Newspaper | B59: 46039 | C59: 40
A60: Pongal gift | B60: 46039 | C60: 50
A61: Bus | B61: 46040 | C61: 22 | D61: Transport | E61: Bus
A62: Temple donation | B62: 46040 | C62: 228
A63: Tea | B63: 46040 | C63: 10 | D63: Food | E63: Outside
A64: Provision | B64: 46041 | C64: 667 | D64: Grocery | E64: Provision
A65: Medicine | B65: 46041 | C65: 64 | D65: Medicine | E65: Ravi
A66: Water | B66: 46042 | C66: 400 | D66: Water | E66: Refill
A67: Bus | B67: 46042 | C67: 50 | D67: Transport | E67: Bus
A68: Auto | B68: 46042 | C68: 100 | D68: Transport | E68: Auto
A69: PSG entrance | B69: 46042 | C69: 1000 | D69: Hospital
A70: Medical test | B70: 46042 | C70: 3340 | D70: Hospital | E70: Prabha
A71: Food | B71: 46042 | C71: 200
A72: Tea | B72: 46042 | C72: 40
A73: Medicine | B73: 46042 | C73: 45 | D73: Medicine | E73: Ravi
A74: Elastic band | B74: 46042 | C74: 2625 | D74: Medicine | E74: Prabha
A75: Tea | B75: 46042 | C75: 20 | D75: Food | E75: Outside
A76: Bus | B76: 46042 | C76: 52 | D76: Transport | E76: Bus
A77: Auto | B77: 46042 | C77: 80 | D77: Transport | E77: Auto
A78: Water can | B78: 46042 | C78: 65
A79: Medicine | B79: 46042 | C79: 1697 | D79: Medicine | E79: Ravi
A80: Medicine | B80: 46042 | C80: 698 | D80: Medicine | E80: Prabha
A81: Bus | B81: 46043 | C81: 38
A82: Auto | B82: 46043 | C82: 70
A83: Hospital | B83: 46043 | C83: 37 | D83: Medicine | E83: Prabha
A84: Fruits | B84: 46043 | C84: 270 | D84: Grocery | E84: Fruits
A85: Vegetables | B85: 46043 | C85: 50 | D85: Grocery | E85: Vegetables
A86: Grocery | B86: 46043 | C86: 420 | D86: Grocery | E86: Provision
A87: Dry fruits | B87: 46043 | C87: 1219 | D87: Grocery | E87: Dry Fruits
A88: Vegetables | B88: 46043 | C88: 121 | D88: Grocery | E88: Vegetables
A89: Juice | B89: 46043 | C89: 130 | D89: Food | E89: Outside
A90: Articles for home | B90: 46043 | C90: 430
A91: Transport | B91: 46043 | C91: 112 | D91: Transport | E91: Auto
A92: B12 injection | B92: 46043 | C92: 180 | D92: Medicine | E92: Prabha
A93: Bus | B93: 46044 | C93: 38 | D93: Transport | E93: Bus
A94: Auto | B94: 46044 | C94: 60 | D94: Transport | E94: Auto
A95: Curd | B95: 46044 | C95: 42 | D95: Grocery | E95: Provision
A96: Bus | B96: 46044 | C96: 42
A97: Temple | B97: 46044 | C97: 30 | D97: Temple
A98: Brush | B98: 46044 | C98: 35 | E98: Ravi
A99: Bus | B99: 46044 | C99: 42 | D99: Transport | E99: Bus
A100: Oil | B100: 46044 | C100: 340 | D100: Grocery | E100: Provision
...

Sheet February
A1: Expense | B1: Date | C1: Amount | D1: Category | E1: Subcategory
A2: Manjal, Kunkumam, Uppu | B2: 46054 | C2: 20
A3: Phone Recharge Ravi | B3: 46054 | C3: 799 | D3: Recharge | E3: Phone
A4: LIC premium | B4: 46024 | C4: 1675 | D4: Insurance | E4: Premium
A5: Vegetables | B5: 46056 | C5: 284 | D5: Grocery | E5: Vegetables
A6: Taxi for booking mandapam | B6: 46056 | C6: 504 | D6: Transport | E6: Taxi
A7: Tea | B7: 46056 | C7: 20 | D7: Food | E7: Outside
A8: Medicine | B8: 46056 | C8: 308 | D8: Medicine | E8: Ravi
A9: Auto | B9: 46056 | C9: 333 | D9: Transport | E9: Auto
A10: Ticket | B10: 46056 | C10: 20
A11: Taxi | B11: 46056 | C11: 291 | D11: Transport | E11: Taxi
A12: Bus | B12: 46057 | C12: 68 | D12: Transport | E12: Bus
A13: Grocery | B13: 46057 | C13: 358 | D13: Grocery | E13: Provision
A14: Toothpaste | B14: 46057 | C14: 330 | D14: House Essentials | E14: Toiletries
A15: Bus | B15: 46059 | C15: 17 | D15: Transport | E15: Bus
A16: Aadhar card | B16: 46059 | C16: 75
A17: Vegetables | B17: 46059 | C17: 60 | D17: Grocery | E17: Vegetables
A18: Bus | B18: 46059 | C18: 7 | D18: Transport | E18: Bus
A19: Elaneer | B19: 46059 | C19: 50
A20: Milk | B20: 46059 | C20: 2106 | D20: Grocery | E20: Milk
A21: Vegetables | B21: 46060 | C21: 865 | D21: Grocery | E21: Vegetables
A22: Chocolate | B22: 46060 | C22: 90
A23: Auto | B23: 46060 | C23: 90
A24: Batter | B24: 46060 | C24: 80
A25: Snacks | B25: 46060 | C25: 80 | D25: Food
A26: Fruits | B26: 46061 | C26: 260 | D26: Grocery | E26: Fruits
A27: Grocery | B27: 46061 | C27: 282 | D27: Grocery | E27: Provision
A28: Newspaper | B28: 46061 | C28: 30
A29: Blood test | B29: 46061 | C29: 20 | E29: Ravi
A30: Elaneer | B30: 46061 | C30: 50 | D30: Food | E30: Outside
A31: Auto | B31: 46063 | C31: 50 | D31: Transport | E31: Auto
A32: Provision | B32: 46063 | C32: 394 | D32: Grocery | E32: Provision
A33: Provision | B33: 46063 | C33: 1877 | D33: Grocery | E33: Provision
A34: Snacks | B34: 46063 | C34: 100 | D34: Food | E34: Outside
A35: Bus | B35: 46064 | C35: 11 | D35: Transport | E35: Bus
A36: Juice | B36: 46064 | C36: 50 | D36: Food | E36: Outside
A37: Fruits | B37: 46064 | C37: 70 | D37: Grocery | E37: Fruits
A38: Auto | B38: 46064 | C38: 100 | D38: Transport | E38: Auto
A39: Ration | B39: 46064 | C39: 150 | D39: Grocery | E39: Ration
A40: Elaneer | B40: 46064 | C40: 50 | D40: Food | E40: Outside
A41: Snacks | B41: 46065 | C41: 236 | D41: Grocery | E41: Snacks
... A44: Vegetables | B44: 46065 | C44: 50 | D44: Grocery | E44: Vegetables
A45: Gas | B45: 46066 | C45: 900
A46: Medicine | B46: 46066 | C46: 900 | D46: Medicine | E46: Ravi
A47: Auto | B47: 46068 | C47: 110 | D47: Transport | E47: Auto
A48: Vegetables | B48: 46068 | C48: 437 | D48: Grocery | E48: Vegetables
A49: Medicine | B49: 46068 | C49: 45 | D49: Medicine | E49: Ayurvedha
A50: Bus | B50: 46068 | C50: 20 | D50: Transport | E50: Bus
A51: Giift to senthil son | B51: 46068 | C51: 375
A52: Vegetables | B52: 46069 | C52: 327 | D52: Grocery | E52: Vegetables
A53: Elaneer | B53: 46069 | C53: 50 | D53: Food | E53: Outside
A54: Medicine | B54: 46069 | C54: 118 | D54: Medicine | E54: Ravi
A55: Medicine | B55: 46069 | C55: 83 | D55: Medicine | E55: Common
A56: Post | B56: 46069 | C56: 75
A57: House cleaning | B57: 46069 | C57: 300 | D57: House | E57: Maintainence
A58: Temple | B58: 46070 | C58: 317 | D58: Temple
A59: Fruits | B59: 46070 | C59: 75 | D59: Grocery | E59: Fruits
A60: Vim | B60: 46071 | C60: 45
A61: Batter | B61: 46071 | C61: 25
A62: Dinner zomato | B62: 46071 | C62: 548 | D62: Food | E62: Order
A63: Medicine | B63: 46071 | C63: 776 | D63: Medicine | E63: Prabha
A64: Eye drops | B64: 46071 | C64: 71 | D64: Medicine | E64: Ravi
A65: Oil | B65: 46072 | C65: 280 | D65: Grocery
A66: Vegetables | B66: 46072 | C66: 45
A67: Curd | B67: 46073 | C67: 38 | D67: Grocery | E67: Provision
A68: Bus | B68: 46074 | C68: 5 | D68: Transport | E68: Bus
A69: Provision | B69: 46074 | C69: 347 | D69: Grocery | E69: Provision
A70: Vegetables | B70: 46074 | C70: 668 | D70: Grocery | E70: Vegetables
A71: Bus | B71: 46074 | C71: 10
A72: Pen | B72: 46074 | C72: 20
A73: Batter | B73: 46074 | C73: 60 | D73: Grocery | E73: Provision
A74: Fruits | B74: 46074 | C74: 55 | D74: Grocery | E74: Fruits
A75: Auto | B75: 46074 | C75: 50 | D75: Transport | E75: Auto
A76: Broomstick | B76: 46074 | C76: 300 | D76: House | E76: Common
A77: Newspaper | B77: 46075 | C77: 60
A78: Bus | B78: 46075 | C78: 27 | D78: Transport | E78: Bus
A79: Provision | B79: 46075 | C79: 280 | D79: Grocery | E79: Provision
A80: Wifi recharge | B80: 46075 | C80: 2120 | D80: Subscription | E80: Wifi
A81: Bus | B81: 46076 | C81: 30 | D81: Transport | E81: Bus
A82: Gift | B82: 46076 | C82: 500
A83: Auto | B83: 46076 | C83: 40 | D83: Transport | E83: Share auto
A84: Provision | B84: 46077 | C84: 6 | D84: Grocery | E84: Provision
A85: Phone cover | B85: 46079 | C85: 200 | E85: Valli
A86: Provision | B86: 46080 | C86: 878 | D86: Grocery | E86: Provision
A87: Bus | B87: 46080 | C87: 32 | D87: Transport | E87: Bus
A88: Fruits | B88: 46080 | C88: 122 | D88: Grocery | E88: Fruits
A89: Tea | B89: 46080 | C89: 180 | D89: Grocery | E89: Provision
A90: Dry fruits | B90: 46080 | C90: 1055 | D90: Grocery | E90: Dry Fruits
A91: Elaneer | B91: 46080 | C91: 50 | D91: Food | E91: Outside
A92: Provision | B92: 46080 | C92: 270 | D92: Grocery | E92: Provision
A93: Auto | B93: 46081 | C93: 100 | D93: Transport | E93: Auto
A94: Bus | B94: 46081 | C94: 25 | D94: Transport | E94: Bus
A95: Provision | B95: 46081 | C95: 72 | D95: Grocery | E95: Provision
A96: Elaneer | B96: 46081 | C96: 50 | D96: Food | E96: Outside
A97: Grinding | B97: 46081 | C97: 60
A98: Auto | B98: 46081 | C98: 50 | D98: Transport | E98: Auto
A99: Fruits | B99: 46081 | C99: 90 | D99: Grocery | E99: Fruits
A101: Valli income | C101: -7082
A102: Karthick Income | C102: -30000
A103: Total expenses | C103: =SUM(C2:C102) -> -10810

Sheet March
A1: Expense | B1: Date | C1: Amount | D1: Category | E1: Subcategory
A2: Manjal, Kunkumam, Uppu | B2: 46082 | C2: 20
A3: Newspaper | B3: 46082 | C3: 40 | D3: House Expenses | E3: Common
A4: Snacks | B4: 46082 | C4: 40 | D4: Food | E4: Outside
A5: Provision | B5: 46084 | C5: 674 | D5: Grocery | E5: Provision
A6: Auto | B6: 46084 | C6: 30 | D6: Transport | E6: Auto
A7: Bus | B7: 46084 | C7: 5 | D7: Transport | E7: Bus
A8: Temple | B8: 46084 | C8: 10
A9: Gas | B9: 46086 | C9: 900
A10: Milk | B10: 46086 | C10: 1863 | D10: Grocery | E10: Milk
A11: Grocery | B11: 46086 | C11: 521 | D11: Grocery
A12: Bus | B12: 46086 | C12: 5 | D12: Transport | E12: Bus
A13: Medicine | B13: 46086 | C13: 25
A14: Knife sharpening | B14: 46086 | C14: 315 | D14: House Expenses | E14: Common
A15: Medicine | B15: 46086 | C15: 110
A16: Dinner | B16: 46086 | C16: 257 | D16: Food | E16: Order
A17: Fruits | B17: 46087 | C17: 150 | D17: Grocery | E17: Fruits
A18: Oil | B18: 46087 | C18: 265 | D18: Grocery | E18: Provision
A19: Vegetables | B19: 46087 | C19: 24 | D19: Grocery | E19: Vegetables
A20: Elaneer | B20: 46087 | C20: 50 | D20: Food | E20: Outside
A21: Bus | B21: 46087 | C21: 5 | D21: Transport | E21: Bus
A22: Food | B22: 46087 | C22: 194 | D22: Food | E22: Outside
A23: Ration | B23: 46088 | C23: 170 | D23: Grocery | E23: Ration
A24: Bus | B24: 46088 | C24: 5 | D24: Transport | E24: Bus
A25: Auto | B25: 46088 | C25: 70 | D25: Transport | E25: Auto
A26: Batter | B26: 46088 | C26: 60 | D26: Grocery
A27: Vegetables | B27: 46088 | C27: 780 | D27: Grocery | E27: Vegetables
A28: Fruits | B28: 46088 | C28: 60 | D28: Grocery | E28: Fruits
A29: Auto | B29: 46088 | C29: 50 | D29: Transport | E29: Auto
A30: Snacks | B30: 46088 | C30: 40 | D30: Food | E30: Outside
A31: Bus | B31: 46088 | C31: 10 | D31: Transport | E31: Bus
A32: Newspaper | B32: 46089 | C32: 20 | D32: House Expenses | E32: Common
A33: Medicine | B33: 46090 | C33: 327 | D33: Medicine | E33: Ravi
A34: Medicine | B34: 46091 | C34: 75 | D34: Medicine | E34: Prabha
A35: Auto | B35: 46091 | C35: 50 | D35: Transport | E35: Auto
A36: Bus | B36: 46091 | C36: 5 | D36: Transport | E36: Bus
A37: B12 Injection | B37: 46091 | C37: 50 | D37: Medicine | E37: Prabha
A38: Provision | B38: 46091 | C38: 362 | D38: Grocery | E38: Provision
... A61: Snacks | B61: 46097 | C61: 110 | D61: Food | E61: Outside
A62: Panjangam | B62: 46097 | C62: 82 | D62: Pooja
A63: Provision | B63: 46097 | C63: 304 | D63: Grocery | E63: Provision
A64: Nool kandu | B64: 46097 | C64: 20 | D64: House Expenses | E64: Common
A65: Fruits | B65: 46097 | C65: 150 | D65: Grocery | E65: Fruits
A66: Electricity Bill | B66: 46097 | C66: 644 | D66: House Expenses | E66: Maintainence
A67: Food order | B67: 46097 | C67: 238 | D67: Food | E67: Order
A68: Bus | B68: 46098 | C68: 50 | D68: Transport | E68: Bus
A69: Food | B69: 46098 | C69: 145 | D69: Food | E69: Outside
A70: Slipper | B70: 46098 | C70: 60
A71: Entance fees PSG | B71: 46098 | C71: 500 | D71: Hospital | E71: Ravi
A72: Test | B72: 46098 | C72: 180 | D72: Hospital | E72: Ravi
A73: Auto | B73: 46098 | C73: 210 | D73: Transport | E73: Auto
A74: Gowri dress | B74: 46098 | C74: 750
A75: Provision | B75: 46098 | C75: 308 | D75: Grocery | E75: Provision
A76: Curd | B76: 46098 | C76: 42
A77: Phone tempered glass | B77: 46098 | C77: 200 | E77: Valli
A78: Provision | B78: 46098 | C78: 528 | D78: Grocery | E78: Provision
A79: Fruits | B79: 46098 | C79: 70 | D79: Grocery | E79: Fruits
A80: Temple | B80: 46098 | C80: 10
A81: Bus | B81: 46099 | C81: 17 | D81: Transport | E81: Bus
A82: Pooja item | B82: 46099 | C82: 220 | D82: Pooja
A83: Elaneer | B83: 46099 | C83: 50 | D83: Food | E83: Outside
A84: Medicine | B84: 46099 | C84: 25
A85: House items | B85: 46099 | C85: 50 | D85: Grocery | E85: Common
A86: Bus | B86: 46099 | C86: 16 | D86: Transport | E86: Bus
A87: Flowers | B87: 46099 | C87: 45 | D87: Temple
A88: Temple | B88: 46099 | C88: 40 | D88: Temple
A89: Bus | B89: 46099 | C89: 16 | D89: Transport | E89: Bus
A90: Medicine | B90: 46099 | C90: 1848 | D90: Medicine | E90: Ravi
A91: Bus | B91: 46100 | C91: 68 | D91: Transport | E91: Bus
A92: Grocery | B92: 46100 | C92: 142 | D92: Grocery | E92: Home
A93: Vegetable | B93: 46100 | C93: 46 | D93: Grocery | E93: Vegetables
A94: Juice | B94: 46100 | C94: 180 | D94: Food | E94: Outside
A95: Dress | B95: 46100 | C95: 304 | D95: Dress | E95: Ravi
A96: Oil | B96: 46100 | C96: 469 | D96: Grocery | E96: Provision
A97: Vegetables | B97: 46100 | C97: 50 | D97: Grocery | E97: Vegetables
A98: Prabha Recharge | B98: 46100 | C98: 549 | D98: Phone Recharge | E98: Prabha
A99: Water | B99: 46100 | C99: 400 | D99: House Expenses
A100: Vegetables | B100: 46100 | C100: 686 | D100: Grocery | E100: Vegetables
A101: Griding | B101: 46100 | C101: 60
A102: Auto | B102: 46100 | C102: 70 | D102: Transport
A103: Poli | B103: 46100 | C103: 60 | D103: Food | E103: Outside
A104: Fruits | B104: 46100 | C104: 70 | D104: Grocery | E104: Fruits
A105: Aadhar card | B105: 46103 | C105: 225
A106: Tiles vehicle | B106: 46104 | C106: 250 | D106: House Expenses
A107: Bus | B107: 46105 | C107: 24 | D107: Transport | E107: Bus
A108: Auto | B108: 46105 | C108: 80 | D108: Transport | E108: Auto
A109: Snacks | B109: 46105 | C109: 70 | D109: Food | E109: Outside
A110: Earrings | B110: 46105 | C110: 350
A111: Juice | B111: 46105 | C111: 100 | D111: Food | E111: Outside
A112: Fancy items | B112: 46105 | C112: 800
A113: Bus | B113: 46105 | C113: 45 | D113: Transport | E113: Bus
A114: Provision | B114: 46105 | C114: 419 | D114: Grocery | E114: Provision
A115: Dress | B115: 46105 | C115: 440 | D115: Dress | E115: Ravi
A116: Dry fruits | B116: 46106 | C116: 727 | D116: Grocery | E116: Dry fruits
A117: Medicine | B117: 46106 | C117: 363 | D117: Medicine | E117: Ravi
A118: Medicine | B118: 46106 | C118: 776 | D118: Medicine | E118: Prabha
A119: Medicine | B119: 46106 | C119: 161 | D119: Medicine | E119: Common
A120: Snacks | B120: 46108 | C120: 35 | D120: Food | E120: Outside
A121: Vegetables | B121: 46108 | C121: 50 | D121: Grocery | E121: Vegetables
A122: Fruits | B122: 46108 | C122: 30 | D122: Grocery | E122: Fruits
...

Sheet April
A1: Expense | B1: Date | C1: Amount | D1: Category | E1: Subcategory
A2: Manjal, Kunkumam, Uppu | B2: 46113 | C2: 20
A3: Milk | B3: 46113 | C3: 105 | D3: Grocery
A4: Fruits | B4: 46113 | C4: 488 | D4: Grocery | E4: Vegetables
A5: Provision | B5: 46116 | C5: 183 | D5: Grocery | E5: Provision
A6: Milk | B6: 46117 | C6: 105 | D6: Grocery
A7: Hardware | B7: 46118 | C7: 245 | D7: House Expenses | E7: Common
A8: Milk | B8: 46118 | C8: 90 | D8: Grocery
A9: Plumber | B9: 46118 | C9: 350 | D9: House Expenses | E9: Maintainence
A10: Auto | B10: 46118 | C10: 200 | D10: Transport | E10: Auto
A11: Tea | B11: 46118 | C11: 105 | D11: Food | E11: Outside
A12: Maavadu | B12: 46118 | C12: 450 | D12: Grocery | E12: Provision
A13: Provision | B13: 46118 | C13: 859 | D13: Grocery | E13: Provision
A14: Chapathi | B14: 46118 | C14: 100 | D14: Grocery
A15: Medicine | B15: 46118 | C15: 76 | D15: Medicine | E15: Ravi
A16: Auto | B16: 46118 | C16: 300 | D16: Transport | E16: Auto
A17: Milk | B17: 46119 | C17: 1998 | D17: Grocery | E17: Milk
A18: Temple | B18: 46119 | C18: 100 | D18: Temple
A19: Auto | B19: 46119 | C19: 290 | D19: Transport | E19: Auto
A20: Fruits | B20: 46119 | C20: 350 | D20: Grocery | E20: Fruits
A21: Vegetables | B21: 46120 | C21: 489 | D21: Grocery | E21: Vegetables
A22: Auto | B22: 46120 | C22: 150 | D22: Transport | E22: Auto
A23: B12 Injection | B23: 46120 | C23: 84 | D23: Transport | E23: Auto
A24: Provision | B24: 46120 | C24: 750 | D24: Grocery | E24: Provision
A25: Auto | B25: 46122 | C25: 200 | D25: Transport | E25: Auto
A26: Post | B26: 46122 | C26: 144 | D26: House Expenses | E26: Common
A27: Provision | B27: 46122 | C27: 293 | D27: Grocery | E27: Provision
A28: Medicine | B28: 46123 | C28: 508 | D28: Medicine | E28: Ayurvedha
A29: Gas | B29: 46123 | C29: 960 | D29: House Expenses | E29: Essentials
A30: Newspaper | B30: 46123 | C30: 60 | D30: House Expenses | E30: Newspaper
A31: Aadhar card | B31: 46123 | C31: 150
A32: Vegetables | B32: 46123 | C32: 823 | D32: Grocery | E32: Provision
A33: Batter | B33: 46123 | C33: 60 | D33: Grocery
A34: Snacks | B34: 46123 | C34: 75 | D34: Food | E34: Outside
A35: Auto | B35: 46123 | C35: 50 | D35: Transport | E35: Auto
A36: Fruits | B36: 46123 | C36: 144 | D36: Grocery | E36: Fruits
A37: Post | B37: 46124 | C37: 200 | D37: House Expenses | E37: Common
A38: Bus | B38: 46125 | C38: 5 | D38: Transport | E38: Bus
A39: Auto | B39: 46125 | C39: 50 | D39: Transport | E39: Auto
A40: Ration | B40: 46125 | C40: 220 | D40: Grocery | E40: Ration
A41: Fruits | B41: 46125 | C41: 120 | D41: Grocery | E41: Fruits
A42: Pooja | B42: 46125 | C42: 202 | D42: Pooja
A43: Bus | B43: 46126 | C43: 108 | D43: Transport | E43: Bus
A44: Provision | B44: 46126 | C44: 40 | D44: Grocery
A45: Juice | B45: 46126 | C45: 150 | D45: Food | E45: Outside
A46: Bus | B46: 46126 | C46: 49 | D46: Transport | E46: Bus
A47: Tiles labour | B47: 46127 | C47: 6000 | D47: House Expenses | E47: Mainainence
A48: Medicine | B48: 46127 | C48: 2147 | D48: Medicine | E48: Ravi
A49: Gas pipe | B49: 46128 | C49: 419 | D49: House Expenses | E49: Mainainence
A50: Snacks | B50: 46128 | C50: 90 | D50: Grocery | E50: Snacks
A51: Paste | B51: 46128 | C51: 126 | D51: House Expenses | E51: Common
A52: Provision | B52: 46128 | C52: 1024 | D52: Grocery | E52: Provision
A53: Bus | B53: 46128 | C53: 14 | D53: Transport | E53: Bus
A54: Chapathi | B54: 46128 | C54: 100 | D54: Grocery
A55: Dress | B55: 46128 | C55: 100 | D55: Dress | E55: Valli
A56: Dress | B56: 46128 | C56: 625 | D56: Dress | E56: Prabha
A57: Bus | B57: 46129 | C57: 24 | D57: Transport | E57: Bus
A58: Auto | B58: 46129 | C58: 70 | D58: Transport | E58: Auto
A59: Fruits | B59: 46129 | C59: 267 | D59: Grocery | E59: Fruits
A60: Temple | B60: 46129 | C60: 258 | D60: Temple
A61: Flowers | B61: 46129 | C61: 160
A62: Vegetables | B62: 46130 | C62: 50 | D62: Grocery
A63: Bread | B63: 46130 | C63: 40 | D63: Grocery
A64: Medicine | B64: 46130 | C64: 363 | D64: Medicine | E64: Prabha
A65: Water operator | B65: 46130 | C65: 200 | D65: House Expenses | E65: Maintainence
A66: Bus | B66: 46130 | C66: 15 | D66: Transport | E66: Bus
A67: Dress | B67: 46130 | C67: 50 | D67: Dress | E67: Valli
A68: Items | B68: 46130 | C68: 22 | D68: House Expenses | E68: Common
A69: Recharge | B69: 46130 | C69: 860 | D69: Mobile Recharge | E69: Valli
A70: Newspaper | B70: 46131 | C70: 20 | D70: House Expenses | E70: Newspaper
A71: Electrical work | B71: 46132 | C71: 320 | D71: House Expenses | E71: Maintainence
A72: Elecrician fee | B72: 46132 | C72: 380 | D72: House Expenses | E72: Maintainence
A73: Snacks | B73: 46133 | C73: 85 | D73: Food | E73: Outside
A74: Provision | B74: 46133 | C74: 112 | D74: Grocery | E74: Provision
A75: Medicine | B75: 46133 | C75: 490 | D75: Medicine | E75: Ayurvedha
A76: Provision | B76: 46133 | C76: 2426 | D76: Grocery | E76: Provision
A77: Child gift | B77: 46133 | C77: 132 | E77: Valli
A78: Vegetables | B78: 46133 | C78: 60 | D78: Grocery | E78: Vegetables
A79: Auto | B79: 46135 | C79: 431 | D79: Transport | E79: Auto
A80: Vegetables | B80: 46135 | C80: 387 | D80: Grocery | E80: Vegetables
A81: Bus | B81: 46136 | C81: 173 | D81: Transport | E81: Bus
A82: Tea | B82: 46136 | C82: 15 | D82: Food | E82: Outside
A83: Ticket | B83: 46136 | C83: 60 | D83: Temple
A84: Ticket | B84: 46136 | C84: 150 | D84: Temple
A85: Temple | B85: 46136 | C85: 115 | D85: Temple
A86: Snacks | B86: 46136 | C86: 45 | D86: Food | E86: Outside
A87: Provision | B87: 46136 | C87: 298 | D87: Grocery | E87: Provision
A88: Toothpaste | B88: 46136 | C88: 200 | D88: House Expenses | E88: Common
A89: Dinner | B89: 46136 | C89: 500 | D89: Food | E89: Order
A90: Lining cloth | B90: 46138 | C90: 30 | D90: Dress | E90: Valli
A91: Provision | B91: 46138 | C91: 247 | D91: Grocery | E91: Provision
A92: Bus | B92: 46138 | C92: 13 | D92: Transport | E92: Bus
A93: Ravi recharge | B93: 46138 | C93: 800 | D93: Phone Recharge | E93: Ravi
A94: Elaneer | B94: 46139 | C94: 50 | D94: Food | E94: Outside
A95: Fruits | B95: 46139 | C95: 210 | D95: Grocery | E95: Fruits
A96: Blood test | B96: 46140 | C96: 38 | D96: Medicine | E96: Ravi
A97: Curd | B97: 46140 | C97: 42 | D97: Grocery
A98: Vegetables | B98: 46140 | C98: 371 | D98: Grocery | E98: Vegetables
A99: Elaneer | B99: 46140 | C99: 60 | D99: Food | E99: Outside
A100: Bread | B100: 46140 | C100: 40 | D100: Grocery
...

Sheet May
A1: Expense | B1: Date | C1: Amount | D1: Category | E1: Subcategory
A2: Manjal, Kunkumam, Uppu | B2: 46143 | C2: 20
A3: Grocery | B3: 46143 | C3: 119 | D3: Grocery | E3: Provision
A4: ORS | B4: 46143 | C4: 90 | D4: Medicine | E4: Ravi
A5: Provision | B5: 46144 | C5: 429 | D5: Grocery | E5: Provision
A6: Newspaper | B6: 46145 | C6: 50 | D6: House | E6: Newspaper
A7: Vegetables | B7: 46145 | C7: 416 | D7: Grocery | E7: Vegetables
A8: Provision | B8: 46147 | C8: 513 | D8: Grocery | E8: Provision
A9: Milk | B9: 46147 | C9: 2079 | D9: House | E9: Milk
A10: Bus | B10: 46148 | C10: 81 | D10: Transport | E10: Bus
A11: Temple | B11: 46148 | C11: 100 | D11: Pooja
A12: Dinner | B12: 46148 | C12: 732 | D12: Food | E12: Order
A13: Provision | B13: 46149 | C13: 733 | D13: Grocery | E13: Provision
A14: Provision | B14: 46150 | C14: 923 | D14: Grocery | E14: Provision
A15: Vegetables | B15: 46151 | C15: 940 | D15: Grocery | E15: Vegetables
A16: Auto | B16: 46151 | C16: 120 | D16: Transport | E16: Auto
A17: Maavu | B17: 46151 | C17: 60 | D17: Grocery | E17: Everyday
A18: Soap | B18: 46152 | C18: 37 | D18: House | E18: Common
A19: Provision | B19: 46152 | C19: 215 | D19: Grocery | E19: Provision
A20: Nellikai | B20: 46152 | C20: 70 | D20: Grocery | E20: Fruits
A21: Fruits | B21: 46152 | C21: 71 | D21: Grocery | E21: Fruits
A22: Medicine | B22: 46152 | C22: 69 | D22: Medicine | E22: Eyedrops
A23: Gas | B23: 46153 | C23: 960 | D23: House | E23: Gas
... A44: Sukku coffee | B44: 46157 | C44: 106 | D44: Grocery | E44: Provision
A45: Pooja items | B45: 46158 | C45: 240 | D45: Pooja
A46: Medicine | B46: 46158 | C46: 25 | D46: Medicine | E46: Common
A47: Pooja items | B47: 46158 | C47: 60 | D47: Pooja
A48: Ration | B48: 46158 | C48: 170 | D48: House | E48: Common
A49: Fruits | B49: 46158 | C49: 150 | D49: Grocery | E49: Fruits
A50: Medicine | B50: 46158 | C50: 1916 | D50: Medicine | E50: Ravi
A51: Newspaper | B51: 46159 | C51: 50 | D51: House | E51: Newspaper
A52: Water | B52: 46160 | C52: 400 | D52: House | E52: Common
A53: Provision | B53: 46164 | C53: 475 | D53: Grocery | E53: Everyday
A54: Newspaper | B54: 46166 | C54: 20 | D54: House | E54: Newspaper
A55: TV recharrge | B55: 46166 | C55: 2120 | D55: House | E55: Common
A56: Parcel | B56: 46167 | C56: 165 | D56: Onetime | E56: Valli
A57: Bus | B57: 46167 | C57: 21 | D57: Transport | E57: Bus
A58: Auto | B58: 46167 | C58: 50 | D58: Transport | E58: Auto
A59: Honey | B59: 46167 | C59: 420 | D59: Grocery | E59: Provision
... A69: Vegetables | B69: 46172 | C69: 50 | D69: Grocery | E69: Vegetables
B71: Total Expenses | C71: =SUM(C2:C69) -> 21668
B72: Karthick Income | C72: -30000
B73: Net Expenses | C73: =SUM(C71:C72) -> -8332

Sheet June
A1: Expense | B1: Date | C1: Amount | D1: Category | E1: Subcategory
A2: Manjal, Kunkumam, Uppu | B2: 46174 | C2: 20 | D2: {=_xlfn.XLOOKUP(A2,Categories!A:A, Categories!B:B, "Check Category", 0)} -> Check Category | E2: {=_xlfn.XLOOKUP(A2, Categories!A:A, Categories!C:C, "Check subcategory", 0)} -> Check subcategory
A3: Courier | B3: 46174 | C3: 512 | D3: {=_xlfn.XLOOKUP(A3,Categories!A:A, Categories!B:B, "Check Category", 0)} -> Onetime | E3: {=_xlfn.XLOOKUP(A3, Categories!A:A, Categories!C:C, "Check subcategory", 0)} -> Courier
A4: Gas | B4: 46174 | C4: 950 | D4: {=_xlfn.XLOOKUP(A4,Categories!A:A, Categories!B:B, "Check Category", 0)} -> House | E4: {=_xlfn.XLOOKUP(A4, Categories!A:A, Categories!C:C, "Check subcategory", 0)} -> Gas
A5: Courier | B5: 46174 | C5: 1500 | D5: {=_xlfn.XLOOKUP(A5,Categories!A:A, Categories!B:B, "Check Category", 0)} -> Onetime | E5: {=_xlfn.XLOOKUP(A5, Categories!A:A, Categories!C:C, "Check subcategory", 0)} -> Courier
A6: Water | B6: 46175 | C6: 400 | D6: {=_xlfn.XLOOKUP(A6,Categories!A:A, Categories!B:B, "Check Category", 0)} -> House | E6: {=_xlfn.XLOOKUP(A6, Categories!A:A, Categories!C:C, "Check subcategory", 0)} -> Common
A7: Courier | B7: 46175 | C7: 330 | D7: {=_xlfn.XLOOKUP(A7,Categories!A:A, Categories!B:B, "Check Category", 0)} -> Onetime | E7: {=_xlfn.XLOOKUP(A7, Categories!A:A, Categories!C:C, "Check subcategory", 0)} -> Courier
A8: Provision | B8: 46176 | C8: 611 | D8: {=_xlfn.XLOOKUP(A8,Categories!A:A, Categories!B:B, "Check Category", 0)} -> Provision | E8: {=_xlfn.XLOOKUP(A8, Categories!A:A, Categories!C:C, "Check subcategory", 0)} -> Provision
A9: Bus | B9: 46176 | C9: 38 | D9: {=_xlfn.XLOOKUP(A9,Categories!A:A, Categories!B:B, "Check Category", 0)} -> Transport | E9: {=_xlfn.XLOOKUP(A9, Categories!A:A, Categories!C:C, "Check subcategory", 0)} -> Bus
A10: Auto | B10: 46176 | C10: 70 | D10: {=_xlfn.XLOOKUP(A10,Categories!A:A, Categories!B:B, "Check Category", 0)} -> Transport | E10: {=_xlfn.XLOOKUP(A10, Categories!A:A, Categories!C:C, "Check subcategory", 0)} -> Auto
A11: Auto | B11: 46176 | C11: 120 | D11: {=_xlfn.XLOOKUP(A11,Categories!A:A, Categories!B:B, "Check Category", 0)} -> Transport | E11: {=_xlfn.XLOOKUP(A11, Categories!A:A, Categories!C:C, "Check subcategory", 0)} -> Auto
A12: Bus | B12: 46176 | C12: 20 | D12: {=_xlfn.XLOOKUP(A12,Categories!A:A, Categories!B:B, "Check Category", 0)} -> Transport | E12: {=_xlfn.XLOOKUP(A12, Categories!A:A, Categories!C:C, "Check subcategory", 0)} -> Bus
A13: Medicine | B13: 46176 | C13: 188 | D13: {=_xlfn.XLOOKUP(A13,Categories!A:A, Categories!B:B, "Check Category", 0)} -> Medicine | E13: {=_xlfn.XLOOKUP(A13, Categories!A:A, Categories!C:C, "Check subcategory", 0)} -> Common
... A30: Readymade food | B30: 46183 | C30: 40 | D30: {=_xlfn.XLOOKUP(A30,Categories!A:A, Categories!B:B, "Check Category", 0)} -> Grocery | E30: {=_xlfn.XLOOKUP(A30, Categories!A:A, Categories!C:C, "Check subcategory", 0)} -> Readymade
A31: Dress | B31: 46185 | C31: 360 | D31: Dress | E31: Ravi
A32: Bus | B32: 46185 | C32: 10 | D32: {=_xlfn.XLOOKUP(A32,Categories!A:A, Categories!B:B, "Check Category", 0)} -> Transport | E32: {=_xlfn.XLOOKUP(A32, Categories!A:A, Categories!C:C, "Check subcategory", 0)} -> Bus
A33: Auto | B33: 46185 | C33: 70 | D33: {=_xlfn.XLOOKUP(A33,Categories!A:A, Categories!B:B, "Check Category", 0)} -> Transport | E33: {=_xlfn.XLOOKUP(A33, Categories!A:A, Categories!C:C, "Check subcategory", 0)} -> Auto
A34: Honey | B34: 46185 | C34: 410 | D34: {=_xlfn.XLOOKUP(A34,Categories!A:A, Categories!B:B, "Check Category", 0)} -> Provision | E34: {=_xlfn.XLOOKUP(A34, Categories!A:A, Categories!C:C, "Check subcategory", 0)} -> Honey
A35: Readymade food | B35: 46185 | C35: 42 | D35: {=_xlfn.XLOOKUP(A35,Categories!A:A, Categories!B:B, "Check Category", 0)} -> Grocery | E35: {=_xlfn.XLOOKUP(A35, Categories!A:A, Categories!C:C, "Check subcategory", 0)} -> Readymade
A36: Dry fruits | B36: 46185 | C36: 980 | D36: {=_xlfn.XLOOKUP(A36,Categories!A:A, Categories!B:B, "Check Category", 0)} -> Provision | E36: {=_xlfn.XLOOKUP(A36, Categories!A:A, Categories!C:C, "Check subcategory", 0)} -> Dry fruits
A37: Bus | B37: 46185 | C37: 22 | D37: {=_xlfn.XLOOKUP(A37,Categories!A:A, Categories!B:B, "Check Category", 0)} -> Transport | E37: {=_xlfn.XLOOKUP(A37, Categories!A:A, Categories!C:C, "Check subcategory", 0)} -> Bus
A38: Vegetables | B38: 46185 | C38: 25 | D38: {=_xlfn.XLOOKUP(A38,Categories!A:A, Categories!B:B, "Check Category", 0)} -> Grocery | E38: {=_xlfn.XLOOKUP(A38, Categories!A:A, Categories!C:C, "Check subcategory", 0)} -> Vegetables
A39: Snacks | B39: 46185 | C39: 539 | D39: {=_xlfn.XLOOKUP(A39,Categories!A:A, Categories!B:B, "Check Category", 0)} -> Provision | E39: {=_xlfn.XLOOKUP(A39, Categories!A:A, Categories!C:C, "Check subcategory", 0)} -> Snacks
A40: Auto | B40: 46185 | C40: 234 | D40: {=_xlfn.XLOOKUP(A40,Categories!A:A, Categories!B:B, "Check Category", 0)} -> Transport | E40: {=_xlfn.XLOOKUP(A40, Categories!A:A, Categories!C:C, "Check subcategory", 0)} -> Auto
A41: Valli Medicine | B41: 46185 | C41: 1234 | D41: Medicine | E41: Valli
A42: Doctor fees | B42: 46185 | C42: 300 | D42: Hospital | E42: Valli
A43: Auto | B43: 46186 | C43: 180 | D43: {=_xlfn.XLOOKUP(A43,Categories!A:A, Categories!B:B, "Check Category", 0)} -> Transport | E43: {=_xlfn.XLOOKUP(A43, Categories!A:A, Categories!C:C, "Check subcategory", 0)} -> Auto
A44: Auto | B44: 46186 | C44: 120 | D44: {=_xlfn.XLOOKUP(A44,Categories!A:A, Categories!B:B, "Check Category", 0)} -> Transport | E44: {=_xlfn.XLOOKUP(A44, Categories!A:A, Categories!C:C, "Check subcategory", 0)} -> Auto
A45: Auto | B45: 46187 | C45: 200 | D45: {=_xlfn.XLOOKUP(A45,Categories!A:A, Categories!B:B, "Check Category", 0)} -> Transport | E45: {=_xlfn.XLOOKUP(A45, Categories!A:A, Categories!C:C, "Check subcategory", 0)} -> Auto
A46: Gift | B46: 46187 | C46: 100 | D46: Onetime | E46: Gift
A47: Gift | B47: 46187 | C47: 430 | D47: Onetime | E47: Gift
A48: Pooja Items | B48: 46187 | C48: 160 | D48: {=_xlfn.XLOOKUP(A48,Categories!A:A, Categories!B:B, "Check Category", 0)} -> Temple | E48: {=_xlfn.XLOOKUP(A48, Categories!A:A, Categories!C:C, "Check subcategory", 0)} -> Pooja
A49: Ravi Medicine | B49: 46187 | C49: 985 | D49: {=_xlfn.XLOOKUP(A49,Categories!A:A, Categories!B:B, "Check Category", 0)} -> Medicine | E49: {=_xlfn.XLOOKUP(A49, Categories!A:A, Categories!C:C, "Check subcategory", 0)} -> Ravi
A50: Auto | B50: 46188 | C50: 900 | D50: {=_xlfn.XLOOKUP(A50,Categories!A:A, Categories!B:B, "Check Category", 0)} -> Transport | E50: {=_xlfn.XLOOKUP(A50, Categories!A:A, Categories!C:C, "Check subcategory", 0)} -> Auto
A51: Gift | B51: 46188 | C51: 410 | D51: {=_xlfn.XLOOKUP(A51,Categories!A:A, Categories!B:B, "Check Category", 0)} -> Onetime | E51: {=_xlfn.XLOOKUP(A51, Categories!A:A, Categories!C:C, "Check subcategory", 0)} -> Gift
A52: Medicine | B52: 46188 | C52: 80 | D52: {=_xlfn.XLOOKUP(A52,Categories!A:A, Categories!B:B, "Check Category", 0)} -> Medicine | E52: {=_xlfn.XLOOKUP(A52, Categories!A:A, Categories!C:C, "Check subcategory", 0)} -> Common
A53: Medicine | B53: 46188 | C53: 224 | D53: {=_xlfn.XLOOKUP(A53,Categories!A:A, Categories!B:B, "Check Category", 0)} -> Medicine | E53: {=_xlfn.XLOOKUP(A53, Categories!A:A, Categories!C:C, "Check subcategory", 0)} -> Common
A54: Temple | B54: 46189 | C54: 65 | D54: {=_xlfn.XLOOKUP(A54,Categories!A:A, Categories!B:B, "Check Category", 0)} -> Temple | E54: {=_xlfn.XLOOKUP(A54, Categories!A:A, Categories!C:C, "Check subcategory", 0)} -> Donation
A55: Fruits | B55: 46189 | C55: 85 | D55: {=_xlfn.XLOOKUP(A55,Categories!A:A, Categories!B:B, "Check Category", 0)} -> Grocery | E55: {=_xlfn.XLOOKUP(A55, Categories!A:A, Categories!C:C, "Check subcategory", 0)} -> Fruits
A56: Fruits | B56: 46190 | C56: 220 | D56: {=_xlfn.XLOOKUP(A56,Categories!A:A, Categories!B:B, "Check Category", 0)} -> Grocery | E56: {=_xlfn.XLOOKUP(A56, Categories!A:A, Categories!C:C, "Check subcategory", 0)} -> Fruits
A57: Temple | B57: 46190 | C57: 20 | D57: {=_xlfn.XLOOKUP(A57,Categories!A:A, Categories!B:B, "Check Category", 0)} -> Temple | E57: {=_xlfn.XLOOKUP(A57, Categories!A:A, Categories!C:C, "Check subcategory", 0)} -> Donation
A58: Auto | B58: 46191 | C58: 105 | D58: {=_xlfn.XLOOKUP(A58,Categories!A:A, Categories!B:B, "Check Category", 0)} -> Transport | E58: {=_xlfn.XLOOKUP(A58, Categories!A:A, Categories!C:C, "Check subcategory", 0)} -> Auto
A59: Gift | B59: 46191 | C59: 415 | D59: {=_xlfn.XLOOKUP(A59,Categories!A:A, Categories!B:B, "Check Category", 0)} -> Onetime | E59: {=_xlfn.XLOOKUP(A59, Categories!A:A, Categories!C:C, "Check subcategory", 0)} -> Gift
... A100: Fruits | B100: 46199 | C100: 40 | D100: {=_xlfn.XLOOKUP(A100,Categories!A:A, Categories!B:B, "Check Category", 0)} -> Grocery | E100: {=_xlfn.XLOOKUP(A100, Categories!A:A, Categories!C:C, "Check subcategory", 0)} -> Fruits
A101: Dress | B101: 46199 | C101: 700 | D101: Onetime | E101: Dress
A102: Auto | B102: 46199 | C102: 345 | D102: {=_xlfn.XLOOKUP(A102,Categories!A:A, Categories!B:B, "Check Category", 0)} -> Transport | E102: {=_xlfn.XLOOKUP(A102, Categories!A:A, Categories!C:C, "Check subcategory", 0)} -> Auto
A103: Bus | B103: 46199 | C103: 23 | D103: {=_xlfn.XLOOKUP(A103,Categories!A:A, Categories!B:B, "Check Category", 0)} -> Transport | E103: {=_xlfn.XLOOKUP(A103, Categories!A:A, Categories!C:C, "Check subcategory", 0)} -> Bus
A104: Oil | B104: 46199 | C104: 490 | D104: {=_xlfn.XLOOKUP(A104,Categories!A:A, Categories!B:B, "Check Category", 0)} -> Provision | E104: {=_xlfn.XLOOKUP(A104, Categories!A:A, Categories!C:C, "Check subcategory", 0)} -> Oil
A105: Bus | B105: 46200 | C105: 10 | D105: {=_xlfn.XLOOKUP(A105,Categories!A:A, Categories!B:B, "Check Category", 0)} -> Transport | E105: {=_xlfn.XLOOKUP(A105, Categories!A:A, Categories!C:C, "Check subcategory", 0)} -> Bus
A106: Auto | B106: 46200 | C106: 50 | D106: {=_xlfn.XLOOKUP(A106,Categories!A:A, Categories!B:B, "Check Category", 0)} -> Transport | E106: {=_xlfn.XLOOKUP(A106, Categories!A:A, Categories!C:C, "Check subcategory", 0)} -> Auto
A107: Readymade food | B107: 46200 | C107: 30 | D107: {=_xlfn.XLOOKUP(A107,Categories!A:A, Categories!B:B, "Check Category", 0)} -> Grocery | E107: {=_xlfn.XLOOKUP(A107, Categories!A:A, Categories!C:C, "Check subcategory", 0)} -> Readymade
A108: Vegetables | B108: 46200 | C108: 760 | D108: {=_xlfn.XLOOKUP(A108,Categories!A:A, Categories!B:B, "Check Category", 0)} -> Grocery | E108: {=_xlfn.XLOOKUP(A108, Categories!A:A, Categories!C:C, "Check subcategory", 0)} -> Vegetables
A109: Snacks | B109: 46200 | C109: 30 | D109: {=_xlfn.XLOOKUP(A109,Categories!A:A, Categories!B:B, "Check Category", 0)} -> Provision | E109: {=_xlfn.XLOOKUP(A109, Categories!A:A, Categories!C:C, "Check subcategory", 0)} -> Snacks
A110: Newspaper | B110: 46201 | C110: 50 | D110: {=_xlfn.XLOOKUP(A110,Categories!A:A, Categories!B:B, "Check Category", 0)} -> House | E110: {=_xlfn.XLOOKUP(A110, Categories!A:A, Categories!C:C, "Check subcategory", 0)} -> Newspaper
A111: Gift | B111: 46202 | C111: 1000 | D111: {=_xlfn.XLOOKUP(A111,Categories!A:A, Categories!B:B, "Check Category", 0)} -> Onetime | E111: {=_xlfn.XLOOKUP(A111, Categories!A:A, Categories!C:C, "Check subcategory", 0)} -> Gift
A112: Provision | B112: 46202 | C112: 139 | D112: {=_xlfn.XLOOKUP(A112,Categories!A:A, Categories!B:B, "Check Category", 0)} -> Provision | E112: {=_xlfn.XLOOKUP(A112, Categories!A:A, Categories!C:C, "Check subcategory", 0)} -> Provision
A113: Auto | B113: 46202 | C113: 275 | D113: {=_xlfn.XLOOKUP(A113,Categories!A:A, Categories!B:B, "Check Category", 0)} -> Transport | E113: {=_xlfn.XLOOKUP(A113, Categories!A:A, Categories!C:C, "Check subcategory", 0)} -> Auto
... A115: Bus | B115: 46202 | C115: 101 | D115: {=_xlfn.XLOOKUP(A115,Categories!A:A, Categories!B:B, "Check Category", 0)} -> Transport | E115: {=_xlfn.XLOOKUP(A115, Categories!A:A, Categories!C:C, "Check subcategory", 0)} -> Bus
B116: Total | C116: =SUM(C2:C115) -> 36354

Sheet July
A1: Expense | B1: Date | C1: Amount | D1: Category | E1: Subcategory
A2: Manjal, Kunkumam, Uppu | B2: 46204 | C2: 20 | D2: {=_xlfn.XLOOKUP(A2, Categories!A:A, Categories!B:B, "Check Category", 0)} -> Check Category | E2: {=_xlfn.XLOOKUP(A2, Categories!A:A, Categories!C:C, "Check subcategory", 0)} -> Check subcategory
A3: Fruits | B3: 46204 | C3: 130 | D3: {=_xlfn.XLOOKUP(A3, Categories!A:A, Categories!B:B, "Check Category", 0)} -> Grocery | E3: {=_xlfn.XLOOKUP(A3, Categories!A:A, Categories!C:C, "Check subcategory", 0)} -> Fruits
A4: Snacks | B4: 46204 | C4: 100 | D4: {=_xlfn.XLOOKUP(A4, Categories!A:A, Categories!B:B, "Check Category", 0)} -> Provision | E4: {=_xlfn.XLOOKUP(A4, Categories!A:A, Categories!C:C, "Check subcategory", 0)} -> Snacks
A5: Vegetables | B5: 46206 | C5: 314 | D5: {=_xlfn.XLOOKUP(A5, Categories!A:A, Categories!B:B, "Check Category", 0)} -> Grocery | E5: {=_xlfn.XLOOKUP(A5, Categories!A:A, Categories!C:C, "Check subcategory", 0)} -> Vegetables
A6: Gas | B6: 46207 | C6: 990 | D6: {=_xlfn.XLOOKUP(A6, Categories!A:A, Categories!B:B, "Check Category", 0)} -> House | E6: {=_xlfn.XLOOKUP(A6, Categories!A:A, Categories!C:C, "Check subcategory", 0)} -> Gas
A7: Provision | B7: 46207 | C7: 3267 | D7: {=_xlfn.XLOOKUP(A7, Categories!A:A, Categories!B:B, "Check Category", 0)} -> Provision | E7: {=_xlfn.XLOOKUP(A7, Categories!A:A, Categories!C:C, "Check subcategory", 0)} -> Provision
A8: Ravi Medicine | B8: 46207 | C8: 341 | D8: {=_xlfn.XLOOKUP(A8, Categories!A:A, Categories!B:B, "Check Category", 0)} -> Medicine | E8: {=_xlfn.XLOOKUP(A8, Categories!A:A, Categories!C:C, "Check subcategory", 0)} -> Ravi
A9: Vegetables | B9: 46210 | C9: 444 | D9: {=_xlfn.XLOOKUP(A9, Categories!A:A, Categories!B:B, "Check Category", 0)} -> Grocery | E9: {=_xlfn.XLOOKUP(A9, Categories!A:A, Categories!C:C, "Check subcategory", 0)} -> Vegetables
A10: Milk | B10: 46210 | C10: 850 | D10: {=_xlfn.XLOOKUP(A10, Categories!A:A, Categories!B:B, "Check Category", 0)} -> House | E10: {=_xlfn.XLOOKUP(A10, Categories!A:A, Categories!C:C, "Check subcategory", 0)} -> Milk
A11: Bus | B11: 46212 | C11: 21 | D11: {=_xlfn.XLOOKUP(A11, Categories!A:A, Categories!B:B, "Check Category", 0)} -> Transport | E11: {=_xlfn.XLOOKUP(A11, Categories!A:A, Categories!C:C, "Check subcategory", 0)} -> Bus
A12: Provision | B12: 46212 | C12: 180 | D12: {=_xlfn.XLOOKUP(A12, Categories!A:A, Categories!B:B, "Check Category", 0)} -> Provision | E12: {=_xlfn.XLOOKUP(A12, Categories!A:A, Categories!C:C, "Check subcategory", 0)} -> Provision
A13: Honey | B13: 46212 | C13: 288 | D13: {=_xlfn.XLOOKUP(A13, Categories!A:A, Categories!B:B, "Check Category", 0)} -> Provision | E13: {=_xlfn.XLOOKUP(A13, Categories!A:A, Categories!C:C, "Check subcategory", 0)} -> Honey
... A22: Bus | B22: 46214 | C22: 21 | D22: {=_xlfn.XLOOKUP(A22, Categories!A:A, Categories!B:B, "Check Category", 0)} -> Transport | E22: {=_xlfn.XLOOKUP(A22, Categories!A:A, Categories!C:C, "Check subcategory", 0)} -> Bus
A23: House | B23: 46214 | C23: 110 | D23: House | E23: Common
A24: Prabha Medicine | B24: 46214 | C24: 615 | D24: {=_xlfn.XLOOKUP(A24, Categories!A:A, Categories!B:B, "Check Category", 0)} -> Medicine | E24: {=_xlfn.XLOOKUP(A24, Categories!A:A, Categories!C:C, "Check subcategory", 0)} -> Prabha
A25: Silver Tumbler polish | B25: 46214 | C25: 200 | D25: {=_xlfn.XLOOKUP(A25, Categories!A:A, Categories!B:B, "Check Category", 0)} -> Check Category | E25: {=_xlfn.XLOOKUP(A25, Categories!A:A, Categories!C:C, "Check subcategory", 0)} -> Check subcategory
A26: Juice | B26: 46214 | C26: 20 | D26: {=_xlfn.XLOOKUP(A26, Categories!A:A, Categories!B:B, "Check Category", 0)} -> Food | E26: {=_xlfn.XLOOKUP(A26, Categories!A:A, Categories!C:C, "Check subcategory", 0)} -> Outside
A27: Provision | B27: 46214 | C27: 235 | D27: {=_xlfn.XLOOKUP(A27, Categories!A:A, Categories!B:B, "Check Category", 0)} -> Provision | E27: {=_xlfn.XLOOKUP(A27, Categories!A:A, Categories!C:C, "Check subcategory", 0)} -> Provision
A28: Provision | B28: 46214 | C28: 170 | D28: {=_xlfn.XLOOKUP(A28, Categories!A:A, Categories!B:B, "Check Category", 0)} -> Provision | E28: {=_xlfn.XLOOKUP(A28, Categories!A:A, Categories!C:C, "Check subcategory", 0)} -> Provision
A29: Readymade Food | B29: 46215 | C29: 45 | D29: {=_xlfn.XLOOKUP(A29, Categories!A:A, Categories!B:B, "Check Category", 0)} -> Grocery | E29: {=_xlfn.XLOOKUP(A29, Categories!A:A, Categories!C:C, "Check subcategory", 0)} -> Readymade
A30: Vegetables | B30: 46215 | C30: 50 | D30: {=_xlfn.XLOOKUP(A30, Categories!A:A, Categories!B:B, "Check Category", 0)} -> Grocery | E30: {=_xlfn.XLOOKUP(A30, Categories!A:A, Categories!C:C, "Check subcategory", 0)} -> Vegetables
A31: Newspaper | B31: 46215 | C31: 40 | D31: {=_xlfn.XLOOKUP(A31, Categories!A:A, Categories!B:B, "Check Category", 0)} -> House | E31: {=_xlfn.XLOOKUP(A31, Categories!A:A, Categories!C:C, "Check subcategory", 0)} -> Newspaper
A32: House | B32: 46215 | C32: 80 | D32: House | E32: Common
A33: EB Bill | B33: 46216 | C33: 675 | D33: {=_xlfn.XLOOKUP(A33, Categories!A:A, Categories!B:B, "Check Category", 0)} -> House | E33: {=_xlfn.XLOOKUP(A33, Categories!A:A, Categories!C:C, "Check subcategory", 0)} -> EB
A34: Water | B34: 46216 | C34: 500 | D34: {=_xlfn.XLOOKUP(A34, Categories!A:A, Categories!B:B, "Check Category", 0)} -> House | E34: {=_xlfn.XLOOKUP(A34, Categories!A:A, Categories!C:C, "Check subcategory", 0)} -> Common
A35: Snacks | B35: 46216 | C35: 100 | D35: {=_xlfn.XLOOKUP(A35, Categories!A:A, Categories!B:B, "Check Category", 0)} -> Provision | E35: {=_xlfn.XLOOKUP(A35, Categories!A:A, Categories!C:C, "Check subcategory", 0)} -> Snacks
A36: Ravi Medicine | B36: 46216 | C36: 167 | D36: {=_xlfn.XLOOKUP(A36, Categories!A:A, Categories!B:B, "Check Category", 0)} -> Medicine | E36: {=_xlfn.XLOOKUP(A36, Categories!A:A, Categories!C:C, "Check subcategory", 0)} -> Ravi
A37: Fruits | B37: 46217 | C37: 30 | D37: {=_xlfn.XLOOKUP(A37, Categories!A:A, Categories!B:B, "Check Category", 0)} -> Grocery | E37: {=_xlfn.XLOOKUP(A37, Categories!A:A, Categories!C:C, "Check subcategory", 0)} -> Fruits
A38: Snacks | B38: 46217 | C38: 110 | D38: {=_xlfn.XLOOKUP(A38, Categories!A:A, Categories!B:B, "Check Category", 0)} -> Provision | E38: {=_xlfn.XLOOKUP(A38, Categories!A:A, Categories!C:C, "Check subcategory", 0)} -> Snacks
A39: Pooja Items | B39: 46217 | C39: 180 | D39: {=_xlfn.XLOOKUP(A39, Categories!A:A, Categories!B:B, "Check Category", 0)} -> Temple | E39: {=_xlfn.XLOOKUP(A39, Categories!A:A, Categories!C:C, "Check subcategory", 0)} -> Pooja
A40: Pooja Items | B40: 46217 | C40: 80 | D40: {=_xlfn.XLOOKUP(A40, Categories!A:A, Categories!B:B, "Check Category", 0)} -> Temple | E40: {=_xlfn.XLOOKUP(A40, Categories!A:A, Categories!C:C, "Check subcategory", 0)} -> Pooja
A41: Temple | B41: 46217 | C41: 30 | D41: {=_xlfn.XLOOKUP(A41, Categories!A:A, Categories!B:B, "Check Category", 0)} -> Temple | E41: {=_xlfn.XLOOKUP(A41, Categories!A:A, Categories!C:C, "Check subcategory", 0)} -> Donation
A42: Readymade Food | B42: 46217 | C42: 27 | D42: {=_xlfn.XLOOKUP(A42, Categories!A:A, Categories!B:B, "Check Category", 0)} -> Grocery | E42: {=_xlfn.XLOOKUP(A42, Categories!A:A, Categories!C:C, "Check subcategory", 0)} -> Readymade
A43: Pooja Items | B43: 46217 | C43: 80 | D43: {=_xlfn.XLOOKUP(A43, Categories!A:A, Categories!B:B, "Check Category", 0)} -> Temple | E43: {=_xlfn.XLOOKUP(A43, Categories!A:A, Categories!C:C, "Check subcategory", 0)} -> Pooja
A44: Temple | B44: 46217 | C44: 45 | D44: {=_xlfn.XLOOKUP(A44, Categories!A:A, Categories!B:B, "Check Category", 0)} -> Temple | E44: {=_xlfn.XLOOKUP(A44, Categories!A:A, Categories!C:C, "Check subcategory", 0)} -> Donation
... A50: Temple | B50: 46218 | C50: 30 | D50: {=_xlfn.XLOOKUP(A50, Categories!A:A, Categories!B:B, "Check Category", 0)} -> Temple | E50: {=_xlfn.XLOOKUP(A50, Categories!A:A, Categories!C:C, "Check subcategory", 0)} -> Donation
A51: Silver Plate | B51: 46218 | C51: 31500 | D51: Onetime | E51: Gift
A52: Provision | B52: 46218 | C52: 137 | D52: {=_xlfn.XLOOKUP(A52, Categories!A:A, Categories!B:B, "Check Category", 0)} -> Provision | E52: {=_xlfn.XLOOKUP(A52, Categories!A:A, Categories!C:C, "Check subcategory", 0)} -> Provision
A53: Provision | B53: 46218 | C53: 286 | D53: {=_xlfn.XLOOKUP(A53, Categories!A:A, Categories!B:B, "Check Category", 0)} -> Provision | E53: {=_xlfn.XLOOKUP(A53, Categories!A:A, Categories!C:C, "Check subcategory", 0)} -> Provision
A54: Auto | B54: 46220 | C54: 241 | D54: {=_xlfn.XLOOKUP(A54, Categories!A:A, Categories!B:B, "Check Category", 0)} -> Transport | E54: {=_xlfn.XLOOKUP(A54, Categories!A:A, Categories!C:C, "Check subcategory", 0)} -> Auto
A55: Auto | B55: 46220 | C55: 300 | D55: {=_xlfn.XLOOKUP(A55, Categories!A:A, Categories!B:B, "Check Category", 0)} -> Transport | E55: {=_xlfn.XLOOKUP(A55, Categories!A:A, Categories!C:C, "Check subcategory", 0)} -> Auto
A56: Temple | B56: 46220 | C56: 100 | D56: {=_xlfn.XLOOKUP(A56, Categories!A:A, Categories!B:B, "Check Category", 0)} -> Temple | E56: {=_xlfn.XLOOKUP(A56, Categories!A:A, Categories!C:C, "Check subcategory", 0)} -> Donation
A57: Ravi Mobile Recharge | B57: 46223 | C57: 800 | D57: {=_xlfn.XLOOKUP(A57, Categories!A:A, Categories!B:B, "Check Category", 0)} -> Mobile | E57: {=_xlfn.XLOOKUP(A57, Categories!A:A, Categories!C:C, "Check subcategory", 0)} -> Ravi
A58: Vegetables | B58: 46224 | C58: 463 | D58: {=_xlfn.XLOOKUP(A58, Categories!A:A, Categories!B:B, "Check Category", 0)} -> Grocery | E58: {=_xlfn.XLOOKUP(A58, Categories!A:A, Categories!C:C, "Check subcategory", 0)} -> Vegetables
A59: Ravi Medicine | B59: 46224 | C59: 681 | D59: {=_xlfn.XLOOKUP(A59, Categories!A:A, Categories!B:B, "Check Category", 0)} -> Medicine | E59: {=_xlfn.XLOOKUP(A59, Categories!A:A, Categories!C:C, "Check subcategory", 0)} -> Ravi
A60: Readymade Food | B60: 46224 | C60: 200 | D60: {=_xlfn.XLOOKUP(A60, Categories!A:A, Categories!B:B, "Check Category", 0)} -> Grocery | E60: {=_xlfn.XLOOKUP(A60, Categories!A:A, Categories!C:C, "Check subcategory", 0)} -> Readymade
A61: Vegetables | B61: 46224 | C61: 76 | D61: {=_xlfn.XLOOKUP(A61, Categories!A:A, Categories!B:B, "Check Category", 0)} -> Grocery | E61: {=_xlfn.XLOOKUP(A61, Categories!A:A, Categories!C:C, "Check subcategory", 0)} -> Vegetables
A62: Provision | B62: 46225 | C62: 150 | D62: {=_xlfn.XLOOKUP(A62, Categories!A:A, Categories!B:B, "Check Category", 0)} -> Provision | E62: {=_xlfn.XLOOKUP(A62, Categories!A:A, Categories!C:C, "Check subcategory", 0)} -> Provision
A63: Snacks | B63: 46225 | C63: 245 | D63: {=_xlfn.XLOOKUP(A63, Categories!A:A, Categories!B:B, "Check Category", 0)} -> Provision | E63: {=_xlfn.XLOOKUP(A63, Categories!A:A, Categories!C:C, "Check subcategory", 0)} -> Snacks
... A70: Ravi Hospital | B70: 46226 | C70: 1840 | D70: {=_xlfn.XLOOKUP(A70, Categories!A:A, Categories!B:B, "Check Category", 0)} -> Hospital | E70: {=_xlfn.XLOOKUP(A70, Categories!A:A, Categories!C:C, "Check subcategory", 0)} -> Ravi
A71: Nebulizer | B71: 46226 | C71: 590 | D71: Medicine | E71: Ravi
A72: Auto | B72: 46226 | C72: 120 | D72: {=_xlfn.XLOOKUP(A72, Categories!A:A, Categories!B:B, "Check Category", 0)} -> Transport | E72: {=_xlfn.XLOOKUP(A72, Categories!A:A, Categories!C:C, "Check subcategory", 0)} -> Auto
A73: Ravi Medicine | B73: 46227 | C73: 2378 | D73: {=_xlfn.XLOOKUP(A73, Categories!A:A, Categories!B:B, "Check Category", 0)} -> Medicine | E73: {=_xlfn.XLOOKUP(A73, Categories!A:A, Categories!C:C, "Check subcategory", 0)} -> Ravi
A74: Auto | B74: 46228 | C74: 140 | D74: {=_xlfn.XLOOKUP(A74, Categories!A:A, Categories!B:B, "Check Category", 0)} -> Transport | E74: {=_xlfn.XLOOKUP(A74, Categories!A:A, Categories!C:C, "Check subcategory", 0)} -> Auto
A75: Readymade Food | B75: 46228 | C75: 60 | D75: {=_xlfn.XLOOKUP(A75, Categories!A:A, Categories!B:B, "Check Category", 0)} -> Grocery | E75: {=_xlfn.XLOOKUP(A75, Categories!A:A, Categories!C:C, "Check subcategory", 0)} -> Readymade
A76: Snacks | B76: 46228 | C76: 60 | D76: {=_xlfn.XLOOKUP(A76, Categories!A:A, Categories!B:B, "Check Category", 0)} -> Provision | E76: {=_xlfn.XLOOKUP(A76, Categories!A:A, Categories!C:C, "Check subcategory", 0)} -> Snacks
A77: Vegetables | B77: 46228 | C77: 905 | D77: {=_xlfn.XLOOKUP(A77, Categories!A:A, Categories!B:B, "Check Category", 0)} -> Grocery | E77: {=_xlfn.XLOOKUP(A77, Categories!A:A, Categories!C:C, "Check subcategory", 0)} -> Vegetables
A78: Provision | B78: 46228 | C78: 642 | D78: {=_xlfn.XLOOKUP(A78, Categories!A:A, Categories!B:B, "Check Category", 0)} -> Provision | E78: {=_xlfn.XLOOKUP(A78, Categories!A:A, Categories!C:C, "Check subcategory", 0)} -> Provision
A79: Readymade Food | B79: 46229 | C79: 90 | D79: {=_xlfn.XLOOKUP(A79, Categories!A:A, Categories!B:B, "Check Category", 0)} -> Grocery | E79: {=_xlfn.XLOOKUP(A79, Categories!A:A, Categories!C:C, "Check subcategory", 0)} -> Readymade
A80: Ravi Medicine | B80: 46230 | C80: 2394 | D80: {=_xlfn.XLOOKUP(A80, Categories!A:A, Categories!B:B, "Check Category", 0)} -> Medicine | E80: {=_xlfn.XLOOKUP(A80, Categories!A:A, Categories!C:C, "Check subcategory", 0)} -> Ravi
A81: Readymade Food | B81: 46230 | C81: 42 | D81: {=_xlfn.XLOOKUP(A81, Categories!A:A, Categories!B:B, "Check Category", 0)} -> Grocery | E81: {=_xlfn.XLOOKUP(A81, Categories!A:A, Categories!C:C, "Check subcategory", 0)} -> Readymade
A82: Bus | B82: 46230 | C82: 42 | D82: {=_xlfn.XLOOKUP(A82, Categories!A:A, Categories!B:B, "Check Category", 0)} -> Transport | E82: {=_xlfn.XLOOKUP(A82, Categories!A:A, Categories!C:C, "Check subcategory", 0)} -> Bus
A83: Bloodwork | B83: 46230 | C83: 1100 | D83: {=_xlfn.XLOOKUP(A83, Categories!A:A, Categories!B:B, "Check Category", 0)} -> Medicine | E83: {=_xlfn.XLOOKUP(A83, Categories!A:A, Categories!C:C, "Check subcategory", 0)} -> Ravi
... A99: Medicine | B99: 46232 | C99: 18 | D99: {=_xlfn.XLOOKUP(A99, Categories!A:A, Categories!B:B, "Check Category", 0)} -> Medicine | E99: {=_xlfn.XLOOKUP(A99, Categories!A:A, Categories!C:C, "Check subcategory", 0)} -> Common
B101: Total | C101: =SUM(C2:C99) -> 66278
B102: Onetime | C102: 31500
C103: =C101-C102 -> 34778

Sheet August
A1: Expense | B1: Date | C1: Amount | D1: Category | E1: Subcategory
A2: Manjal, Kunkumam, Uppu | B2: 46235 | C2: 20 | D2: {=_xlfn.XLOOKUP(A2, Categories!A:A, Categories!B:B, "Check Category", 0)} -> Check Category | E2: {=_xlfn.XLOOKUP(A2, Categories!A:A, Categories!C:C, "Check subcategory", 0)} -> Check subcategory
A3: Readymade food | B3: 46237 | C3: 100 | D3: {=_xlfn.XLOOKUP(A3, Categories!A:A, Categories!B:B, "Check Category", 0)} -> Grocery | E3: {=_xlfn.XLOOKUP(A3, Categories!A:A, Categories!C:C, "Check subcategory", 0)} -> Readymade
A4: Provision | B4: 46238 | C4: 816 | D4: {=_xlfn.XLOOKUP(A4, Categories!A:A, Categories!B:B, "Check Category", 0)} -> Provision | E4: {=_xlfn.XLOOKUP(A4, Categories!A:A, Categories!C:C, "Check subcategory", 0)} -> Provision
A5: Readymade food | B5: 46239 | C5: 85 | D5: {=_xlfn.XLOOKUP(A5, Categories!A:A, Categories!B:B, "Check Category", 0)} -> Grocery | E5: {=_xlfn.XLOOKUP(A5, Categories!A:A, Categories!C:C, "Check subcategory", 0)} -> Readymade
A6: Bus | B6: 46240 | C6: 38 | D6: {=_xlfn.XLOOKUP(A6, Categories!A:A, Categories!B:B, "Check Category", 0)} -> Transport | E6: {=_xlfn.XLOOKUP(A6, Categories!A:A, Categories!C:C, "Check subcategory", 0)} -> Bus
A7: Auto | B7: 46240 | C7: 80 | D7: {=_xlfn.XLOOKUP(A7, Categories!A:A, Categories!B:B, "Check Category", 0)} -> Transport | E7: {=_xlfn.XLOOKUP(A7, Categories!A:A, Categories!C:C, "Check subcategory", 0)} -> Auto
A8: Readymade food | B8: 46240 | C8: 255 | D8: {=_xlfn.XLOOKUP(A8, Categories!A:A, Categories!B:B, "Check Category", 0)} -> Grocery | E8: {=_xlfn.XLOOKUP(A8, Categories!A:A, Categories!C:C, "Check subcategory", 0)} -> Readymade
A9: Milk | B9: 46240 | C9: 1647 | D9: {=_xlfn.XLOOKUP(A9, Categories!A:A, Categories!B:B, "Check Category", 0)} -> House | E9: {=_xlfn.XLOOKUP(A9, Categories!A:A, Categories!C:C, "Check subcategory", 0)} -> Milk
A10: Juice | B10: 46240 | C10: 50 | D10: {=_xlfn.XLOOKUP(A10, Categories!A:A, Categories!B:B, "Check Category", 0)} -> Food | E10: {=_xlfn.XLOOKUP(A10, Categories!A:A, Categories!C:C, "Check subcategory", 0)} -> Outside
A11: Provision | B11: 46240 | C11: 75 | D11: {=_xlfn.XLOOKUP(A11, Categories!A:A, Categories!B:B, "Check Category", 0)} -> Provision | E11: {=_xlfn.XLOOKUP(A11, Categories!A:A, Categories!C:C, "Check subcategory", 0)} -> Provision
A12: Dress | B12: 46240 | C12: 50 | D12: Onetime | E12: Dress
A13: Dress | B13: 46240 | C13: 1499 | D13: Onetime | E13: Dress
A14: Silver | B14: 46240 | C14: 213 | D14: Onetime | E14: Silver
A15: Dress | B15: 46240 | C15: 2300 | D15: Onetime | E15: Dress
A16: Bus | B16: 46240 | C16: 6 | D16: {=_xlfn.XLOOKUP(A16, Categories!A:A, Categories!B:B, "Check Category", 0)} -> Transport | E16: {=_xlfn.XLOOKUP(A16, Categories!A:A, Categories!C:C, "Check subcategory", 0)} -> Bus
A17: Auto | B17: 46240 | C17: 130 | D17: {=_xlfn.XLOOKUP(A17, Categories!A:A, Categories!B:B, "Check Category", 0)} -> Transport | E17: {=_xlfn.XLOOKUP(A17, Categories!A:A, Categories!C:C, "Check subcategory", 0)} -> Auto
A18: Bus | B18: 46241 | C18: 14 | D18: {=_xlfn.XLOOKUP(A18, Categories!A:A, Categories!B:B, "Check Category", 0)} -> Transport | E18: {=_xlfn.XLOOKUP(A18, Categories!A:A, Categories!C:C, "Check subcategory", 0)} -> Bus
A19: Auto | B19: 46241 | C19: 70 | D19: {=_xlfn.XLOOKUP(A19, Categories!A:A, Categories!B:B, "Check Category", 0)} -> Transport | E19: {=_xlfn.XLOOKUP(A19, Categories!A:A, Categories!C:C, "Check subcategory", 0)} -> Auto
A20: Dress | B20: 46241 | C20: 500 | D20: Onetime | E20: Dress
A21: Readymade food | B21: 46241 | C21: 39 | D21: {=_xlfn.XLOOKUP(A21, Categories!A:A, Categories!B:B, "Check Category", 0)} -> Grocery | E21: {=_xlfn.XLOOKUP(A21, Categories!A:A, Categories!C:C, "Check subcategory", 0)} -> Readymade
A22: Auto | B22: 46242 | C22: 120 | D22: {=_xlfn.XLOOKUP(A22, Categories!A:A, Categories!B:B, "Check Category", 0)} -> Transport | E22: {=_xlfn.XLOOKUP(A22, Categories!A:A, Categories!C:C, "Check subcategory", 0)} -> Auto
A23: Vegetables | B23: 46242 | C23: 890 | D23: {=_xlfn.XLOOKUP(A23, Categories!A:A, Categories!B:B, "Check Category", 0)} -> Grocery | E23: {=_xlfn.XLOOKUP(A23, Categories!A:A, Categories!C:C, "Check subcategory", 0)} -> Vegetables
A24: Provision | B24: 46242 | C24: 344 | D24: {=_xlfn.XLOOKUP(A24, Categories!A:A, Categories!B:B, "Check Category", 0)} -> Provision | E24: {=_xlfn.XLOOKUP(A24, Categories!A:A, Categories!C:C, "Check subcategory", 0)} -> Provision
A25: Snacks | B25: 46242 | C25: 200 | D25: {=_xlfn.XLOOKUP(A25, Categories!A:A, Categories!B:B, "Check Category", 0)} -> Provision | E25: {=_xlfn.XLOOKUP(A25, Categories!A:A, Categories!C:C, "Check subcategory", 0)} -> Snacks
A26: Provision | B26: 46243 | C26: 607 | D26: {=_xlfn.XLOOKUP(A26, Categories!A:A, Categories!B:B, "Check Category", 0)} -> Provision | E26: {=_xlfn.XLOOKUP(A26, Categories!A:A, Categories!C:C, "Check subcategory", 0)} -> Provision
A27: Provision | B27: 46243 | C27: 104 | D27: Provision | E27: Provision
A28: Provision | B28: 46244 | C28: 176 | D28: {=_xlfn.XLOOKUP(A28, Categories!A:A, Categories!B:B, "Check Category", 0)} -> Provision | E28: {=_xlfn.XLOOKUP(A28, Categories!A:A, Categories!C:C, "Check subcategory", 0)} -> Provision
A29: Provision | B29: 46246 | C29: 706 | D29: {=_xlfn.XLOOKUP(A29, Categories!A:A, Categories!B:B, "Check Category", 0)} -> Provision | E29: {=_xlfn.XLOOKUP(A29, Categories!A:A, Categories!C:C, "Check subcategory", 0)} -> Provision
A30: Bus | B30: 46246 | C30: 10 | D30: {=_xlfn.XLOOKUP(A30, Categories!A:A, Categories!B:B, "Check Category", 0)} -> Transport | E30: {=_xlfn.XLOOKUP(A30, Categories!A:A, Categories!C:C, "Check subcategory", 0)} -> Bus
A31: Pooja items | B31: 46246 | C31: 281 | D31: {=_xlfn.XLOOKUP(A31, Categories!A:A, Categories!B:B, "Check Category", 0)} -> Temple | E31: {=_xlfn.XLOOKUP(A31, Categories!A:A, Categories!C:C, "Check subcategory", 0)} -> Pooja
A32: Temple | B32: 46246 | C32: 60 | D32: {=_xlfn.XLOOKUP(A32, Categories!A:A, Categories!B:B, "Check Category", 0)} -> Temple | E32: {=_xlfn.XLOOKUP(A32, Categories!A:A, Categories!C:C, "Check subcategory", 0)} -> Donation
A33: Pooja items | B33: 46246 | C33: 86 | D33: {=_xlfn.XLOOKUP(A33, Categories!A:A, Categories!B:B, "Check Category", 0)} -> Temple | E33: {=_xlfn.XLOOKUP(A33, Categories!A:A, Categories!C:C, "Check subcategory", 0)} -> Pooja
A34: Juice | B34: 46246 | C34: 12 | D34: {=_xlfn.XLOOKUP(A34, Categories!A:A, Categories!B:B, "Check Category", 0)} -> Food | E34: {=_xlfn.XLOOKUP(A34, Categories!A:A, Categories!C:C, "Check subcategory", 0)} -> Outside
A35: Water | B35: 46246 | C35: 200 | D35: {=_xlfn.XLOOKUP(A35, Categories!A:A, Categories!B:B, "Check Category", 0)} -> House | E35: {=_xlfn.XLOOKUP(A35, Categories!A:A, Categories!C:C, "Check subcategory", 0)} -> Common
A36: Newspaper | B36: 46246 | C36: 40 | D36: {=_xlfn.XLOOKUP(A36, Categories!A:A, Categories!B:B, "Check Category", 0)} -> House | E36: {=_xlfn.XLOOKUP(A36, Categories!A:A, Categories!C:C, "Check subcategory", 0)} -> Newspaper
A37: Pooja items | B37: 46246 | C37: 120 | D37: {=_xlfn.XLOOKUP(A37, Categories!A:A, Categories!B:B, "Check Category", 0)} -> Temple | E37: {=_xlfn.XLOOKUP(A37, Categories!A:A, Categories!C:C, "Check subcategory", 0)} -> Pooja
A38: Temple | B38: 46246 | C38: 30 | D38: {=_xlfn.XLOOKUP(A38, Categories!A:A, Categories!B:B, "Check Category", 0)} -> Temple | E38: {=_xlfn.XLOOKUP(A38, Categories!A:A, Categories!C:C, "Check subcategory", 0)} -> Donation
A39: Readymade food | B39: 46247 | C39: 45 | D39: {=_xlfn.XLOOKUP(A39, Categories!A:A, Categories!B:B, "Check Category", 0)} -> Grocery | E39: {=_xlfn.XLOOKUP(A39, Categories!A:A, Categories!C:C, "Check subcategory", 0)} -> Readymade
... A99: Readymade food | B99: 46255 | C99: 199 | D99: {=_xlfn.XLOOKUP(A99, Categories!A:A, Categories!B:B, "Check Category", 0)} -> Grocery | E99: {=_xlfn.XLOOKUP(A99, Categories!A:A, Categories!C:C, "Check subcategory", 0)} -> Readymade
A100: House cleaning | C100: 1500 | D100: House | E100: Common
B101: Total | C101: =SUM(C2:C100) -> 27656

Sheet Pivot Table 1
